town_number,town_h,year,property_crimes,motor_thefts,drugs,assults,sexual_assult,robberies,spousal
472,אבו גוש   ,2011,52,4,3,57,5,0,11
472,אבו גוש   ,2012,64,10,3,48,2,0,13
472,אבו גוש   ,2013,106,16,9,40,5,3,14
473,אבו סנאן  ,2011,89,0,25,47,0,0,22
473,אבו סנאן  ,2012,57,3,25,59,0,2,16
473,אבו סנאן  ,2013,69,3,38,51,1,1,21
652,אבטן      ,2011,22,3,2,7,0,1,1
652,אבטן      ,2012,23,3,1,9,0,1,3
652,אבטן      ,2013,21,2,0,15,1,0,5
182,אבן יהודה ,2011,454,79,7,40,6,0,18
182,אבן יהודה ,2012,263,38,7,50,5,2,31
182,אבן יהודה ,2013,265,26,12,45,9,1,27
1358,אום בטין  ,2011,16,1,0,10,1,1,3
1358,אום בטין  ,2012,22,2,8,18,0,1,8
1358,אום בטין  ,2013,14,0,3,25,0,0,9
2400,אור יהודה ,2011,592,111,167,218,20,7,186
2400,אור יהודה ,2012,584,109,121,199,27,4,154
2400,אור יהודה ,2013,594,114,71,237,17,10,161
1020,אור עקיבא ,2011,345,54,141,129,12,2,65
1020,אור עקיבא ,2012,392,36,114,109,10,4,69
1020,אור עקיבא ,2013,381,37,95,116,13,3,63
565,אזור      ,2011,224,38,18,41,8,4,34
565,אזור      ,2012,207,47,37,45,4,5,26
565,אזור      ,2013,191,48,21,54,6,3,51
2600,אילת      ,2011,2065,80,543,639,105,54,366
2600,אילת      ,2012,2123,71,396,715,73,33,422
2600,אילת      ,2013,2088,68,544,922,109,48,523
478,אכסאל     ,2011,87,14,7,46,0,0,18
478,אכסאל     ,2012,74,11,7,48,2,1,11
478,אכסאל     ,2013,109,18,7,64,0,8,15
1359,אל סייד   ,2011,8,0,1,8,0,0,3
1359,אל סייד   ,2012,11,0,2,9,1,0,2
1359,אל סייד   ,2013,14,1,0,16,0,0,2
3604,אלון שבות ,2011,23,1,7,5,1,0,6
3604,אלון שבות ,2012,11,1,0,4,1,0,1
3604,אלון שבות ,2013,11,3,2,1,1,0,3
41,אליכין    ,2011,36,9,6,11,0,0,4
41,אליכין    ,2012,30,2,3,8,0,0,5
41,אליכין    ,2013,47,12,0,14,0,0,6
1309,אלעד      ,2011,186,19,40,110,20,0,66
1309,אלעד      ,2012,212,23,26,110,26,0,64
1309,אלעד      ,2013,211,18,37,128,24,3,83
3750,אלפי מנשה ,2011,42,4,17,22,2,0,17
3750,אלפי מנשה ,2012,66,3,28,21,2,0,12
3750,אלפי מנשה ,2013,45,6,18,17,3,1,6
3560,אלקנה     ,2011,27,1,0,4,0,0,1
3560,אלקנה     ,2012,11,0,3,6,0,0,1
3560,אלקנה     ,2013,21,1,2,4,3,0,4
2710,אם אל-פחם ,2011,289,26,124,121,6,4,31
2710,אם אל-פחם ,2012,335,29,103,176,8,2,60
2710,אם אל-פחם ,2013,379,24,119,221,7,6,102
529,אעבלין    ,2011,103,9,21,50,2,9,12
529,אעבלין    ,2012,60,7,20,35,1,1,6
529,אעבלין    ,2013,56,2,22,59,5,0,16
31,אפקים     ,2011,428,27,109,177,15,5,86
31,אפקים     ,2012,313,18,129,168,15,1,101
31,אפקים     ,2013,325,17,170,186,13,2,108
3650,אפרתה     ,2011,39,1,12,15,5,0,13
3650,אפרתה     ,2012,26,4,11,16,4,0,10
3650,אפרתה     ,2013,27,3,8,13,1,1,14
3570,אריאל     ,2011,213,21,61,96,14,3,55
3570,אריאל     ,2012,199,55,80,92,14,1,58
3570,אריאל     ,2013,185,20,75,98,15,5,66
3760,ארנית     ,2011,55,6,69,16,2,0,6
3760,ארנית     ,2012,61,8,22,31,4,0,14
3760,ארנית     ,2013,72,18,26,27,2,0,15
70,אשדוד     ,2011,3641,429,423,1171,139,101,757
70,אשדוד     ,2012,3646,376,372,1220,135,95,733
70,אשדוד     ,2013,3539,463,465,1344,138,79,863
7100,אשקלון    ,2011,2412,279,376,724,60,53,392
7100,אשקלון    ,2012,2561,276,418,763,99,64,445
7100,אשקלון    ,2013,2715,265,404,908,78,84,512
6000,באקה גרביה,2011,275,35,82,137,8,14,54
6000,באקה גרביה,2012,240,18,80,140,7,8,63
6000,באקה גרביה,2013,213,25,76,151,11,4,61
2530,באר יעקב  ,2011,465,97,35,87,12,4,40
2530,באר יעקב  ,2012,350,90,32,95,14,6,48
2530,באר יעקב  ,2013,360,65,40,84,16,4,65
9000,באר שבע   ,2011,5682,835,724,1534,158,157,814
9000,באר שבע   ,2012,5748,722,768,1641,202,149,920
9000,באר שבע   ,2013,5661,636,809,1763,254,141,1054
1348,ביר הדאג' ,2011,14,2,10,4,0,0,0
1348,ביר הדאג' ,2012,35,0,16,9,0,0,0
1348,ביר הדאג' ,2013,20,2,11,21,1,0,2
998,ביר מכסור ,2011,29,5,4,42,0,0,9
998,ביר מכסור ,2012,31,2,0,45,0,0,6
998,ביר מכסור ,2013,27,6,3,35,2,1,8
3574,בית אל    ,2011,35,4,2,22,1,0,7
3574,בית אל    ,2012,55,3,13,22,2,0,9
3574,בית אל    ,2013,41,1,11,20,6,0,4
3652,בית אריה  ,2011,34,3,8,9,1,1,12
3652,בית אריה  ,2012,46,3,13,13,1,0,11
3652,בית אריה  ,2013,24,1,8,10,2,0,8
480,בית גן    ,2011,53,1,7,36,0,0,23
480,בית גן    ,2012,51,2,25,28,3,0,13
480,בית גן    ,2013,33,1,10,26,0,0,6
466,בית דגן   ,2011,111,33,7,27,2,1,17
466,בית דגן   ,2012,99,19,19,27,3,1,11
466,בית דגן   ,2013,112,20,6,36,3,1,20
9200,בית שאן   ,2011,258,13,88,184,20,1,77
9200,בית שאן   ,2012,283,15,121,133,13,1,67
9200,בית שאן   ,2013,269,4,97,169,22,0,90
2610,בית שמש   ,2011,972,112,118,420,51,5,216
2610,בית שמש   ,2012,1200,180,97,445,78,11,234
2610,בית שמש   ,2013,752,73,139,448,76,11,254
3780,ביתר עלית ,2011,142,17,16,84,22,0,58
3780,ביתר עלית ,2012,130,16,34,86,35,0,31
3780,ביתר עלית ,2013,145,21,31,86,28,2,39
6100,בני ברק   ,2011,1766,235,132,433,103,41,237
6100,בני ברק   ,2012,1625,227,180,457,108,28,184
6100,בני ברק   ,2013,1506,195,187,449,111,21,197
1066,"בני עי""ש  ",2011,123,23,7,45,5,2,22
1066,"בני עי""ש  ",2012,113,27,14,40,5,0,24
1066,"בני עי""ש  ",2013,78,14,30,45,2,0,27
9800,בנימינה   ,2011,271,39,68,28,10,3,17
9800,בנימינה   ,2012,250,29,32,34,4,4,13
9800,בנימינה   ,2013,341,67,17,37,5,1,19
1326,בסמה      ,2011,34,0,4,17,0,0,6
1326,בסמה      ,2012,30,3,6,19,0,0,5
1326,בסמה      ,2013,35,1,2,15,0,0,4
944,בסמת טבעון,2011,61,5,3,28,3,4,9
944,בסמת טבעון,2012,51,2,3,25,1,2,12
944,בסמת טבעון,2013,57,1,8,30,0,2,8
482,בעינה-נג'י,2011,28,2,6,46,2,0,13
482,בעינה-נג'י,2012,42,0,1,56,5,0,18
482,בעינה-נג'י,2013,27,0,5,48,2,0,24
4001,בקעתא     ,2011,17,0,2,9,0,0,2
4001,בקעתא     ,2012,8,0,2,15,0,0,1
4001,בקעתא     ,2013,8,1,13,7,0,0,2
1319,בת חפר    ,2011,34,1,1,10,2,0,12
1319,בת חפר    ,2012,27,2,36,15,1,0,12
1319,בת חפר    ,2013,20,3,3,16,2,0,11
6200,בת ים     ,2011,3356,268,755,858,68,67,658
6200,בת ים     ,2012,3186,303,741,805,91,85,651
6200,בת ים     ,2013,3002,275,643,856,87,57,652
1292,ג'דידה-מכר,2011,181,6,281,90,1,3,37
1292,ג'דידה-מכר,2012,176,5,192,100,2,1,48
1292,ג'דידה-מכר,2013,167,0,156,97,3,11,36
3763,גבע בנימין,2011,56,4,22,22,3,0,17
3763,גבע בנימין,2012,54,2,30,33,3,0,31
3763,גבע בנימין,2013,61,6,30,32,2,3,22
1293,גבעת אבני ,2011,23,2,1,3,0,0,2
1293,גבעת אבני ,2012,29,0,5,3,1,0,2
1293,גבעת אבני ,2013,20,2,5,10,0,0,4
147,גבעת ברנר ,2011,73,7,2,7,3,0,4
147,גבעת ברנר ,2012,90,15,5,6,1,0,1
147,גבעת ברנר ,2013,50,6,4,8,1,0,3
3730,גבעת זאב  ,2011,88,17,6,43,8,1,28
3730,גבעת זאב  ,2012,102,29,3,47,4,0,32
3730,גבעת זאב  ,2013,98,9,18,44,6,0,21
681,גבעת שמואל,2011,338,114,15,50,9,0,53
681,גבעת שמואל,2012,343,116,33,51,6,4,55
681,גבעת שמואל,2013,315,55,33,48,5,5,41
6300,גבעתים    ,2011,825,90,198,128,12,6,103
6300,גבעתים    ,2012,809,81,105,139,16,7,110
6300,גבעתים    ,2013,890,86,83,146,29,8,112
2550,גדרה      ,2011,442,59,23,68,8,4,47
2550,גדרה      ,2012,410,59,35,89,11,3,54
2550,גדרה      ,2013,351,41,45,74,19,3,69
485,גולס      ,2011,17,0,3,18,0,1,8
485,גולס      ,2012,26,1,11,24,2,0,8
485,גולס      ,2013,19,1,8,32,2,0,3
487,גוש חלב   ,2011,43,0,2,15,1,0,5
487,גוש חלב   ,2012,45,1,4,12,1,1,3
487,גוש חלב   ,2013,39,2,3,11,1,0,1
627,גלגוליה   ,2011,70,13,18,41,3,0,21
627,גלגוליה   ,2012,86,16,11,31,2,1,19
627,גלגוליה   ,2013,100,23,14,41,0,1,22
166,גן יבנה   ,2011,429,49,15,72,6,1,61
166,גן יבנה   ,2012,324,50,22,69,11,1,67
166,גן יבנה   ,2013,293,35,25,62,9,4,38
1274,גן נר     ,2011,24,0,0,3,0,0,3
1274,גן נר     ,2012,9,0,5,3,0,0,1
1274,גן נר     ,2013,13,0,0,5,0,0,8
229,גני תקוה  ,2011,176,50,17,22,2,0,25
229,גני תקוה  ,2012,179,50,28,26,5,0,18
229,גני תקוה  ,2013,168,28,26,29,3,1,18
541,גסר א-זרקא,2011,280,4,204,161,3,2,41
541,גסר א-זרקא,2012,347,9,247,229,4,9,48
541,גסר א-זרקא,2013,340,2,223,201,5,3,43
494,דאלית אל-כ,2011,135,4,16,97,4,5,33
494,דאלית אל-כ,2012,89,9,31,61,3,0,21
494,דאלית אל-כ,2013,84,4,15,56,5,0,28
489,דבוריה    ,2011,115,16,5,30,3,9,12
489,דבוריה    ,2012,94,10,11,44,3,4,5
489,דבוריה    ,2013,82,5,7,45,2,4,11
2200,דימונה    ,2011,562,61,118,226,29,12,130
2200,דימונה    ,2012,661,26,111,261,31,13,166
2200,דימונה    ,2013,811,50,174,329,53,15,182
492,דיר חנא   ,2011,44,3,20,38,0,0,17
492,דיר חנא   ,2012,50,2,18,61,4,1,20
492,דיר חנא   ,2013,44,1,29,54,1,1,14
9700,הוד השרון ,2011,1170,254,46,188,19,4,138
9700,הוד השרון ,2012,1257,247,58,153,58,8,103
9700,הוד השרון ,2013,1179,211,71,148,29,8,107
3769,הר אדר    ,2011,15,0,0,8,1,0,1
3769,הר אדר    ,2012,14,0,2,6,1,0,4
3769,הר אדר    ,2013,16,0,0,6,0,0,5
6400,הרצליה    ,2011,2034,209,349,328,46,13,196
6400,הרצליה    ,2012,2378,199,368,361,38,13,220
6400,הרצליה    ,2013,2138,156,318,343,51,13,191
9300,זכרון יעקב,2011,401,53,91,59,14,0,40
9300,זכרון יעקב,2012,322,9,55,63,17,2,35
9300,זכרון יעקב,2013,360,29,60,84,18,3,28
1290,זמר       ,2011,49,10,2,22,2,2,11
1290,זמר       ,2012,42,8,6,17,3,1,10
1290,זמר       ,2013,47,4,11,17,2,1,8
975,זרזיר     ,2011,106,12,4,50,3,1,11
975,זרזיר     ,2012,88,11,2,40,5,2,12
975,זרזיר     ,2013,76,4,0,56,1,2,14
6500,חדרה      ,2011,2534,298,432,559,69,38,244
6500,חדרה      ,2012,2298,247,411,575,78,33,258
6500,חדרה      ,2013,2186,253,369,658,73,13,316
6600,חולון     ,2011,3760,422,475,835,76,50,666
6600,חולון     ,2012,3396,409,373,799,82,71,641
6600,חולון     ,2013,3602,445,399,890,95,54,640
1303,חורה      ,2011,91,2,9,52,3,2,5
1303,חורה      ,2012,69,4,3,57,1,3,15
1303,חורה      ,2013,96,3,6,52,3,6,27
4000,חיפה      ,2011,9656,603,1495,2357,175,211,1121
4000,חיפה      ,2012,9472,591,1393,2075,192,196,1067
4000,חיפה      ,2013,8264,437,1275,2029,191,162,1062
2034,חצ הגלילית,2011,157,4,40,66,6,1,30
2034,חצ הגלילית,2012,134,5,29,49,3,0,33
2034,חצ הגלילית,2013,123,4,37,45,10,0,24
1247,חריש      ,2011,72,5,25,26,0,0,13
1247,חריש      ,2012,31,6,3,12,2,0,6
1247,חריש      ,2013,17,2,4,3,1,0,3
496,חרפיש     ,2011,19,0,0,13,0,0,5
496,חרפיש     ,2012,15,0,1,10,0,0,5
496,חרפיש     ,2013,13,1,1,18,0,0,5
3770,חשמונאים  ,2011,13,1,26,15,1,0,8
3770,חשמונאים  ,2012,14,0,7,7,1,0,4
3770,חשמונאים  ,2013,16,1,5,8,2,0,3
6700,טבריה     ,2011,1154,69,365,405,61,15,194
6700,טבריה     ,2012,1316,79,479,407,69,13,200
6700,טבריה     ,2013,1164,61,458,422,68,13,203
962,טובה זנגרי,2011,153,2,35,70,2,0,15
962,טובה זנגרי,2012,102,7,50,81,2,1,24
962,טובה זנגרי,2013,108,2,37,69,1,0,25
2730,טיבה      ,2011,372,85,192,203,11,5,104
2730,טיבה      ,2012,311,63,177,170,6,4,91
2730,טיבה      ,2013,373,67,196,184,6,12,98
2720,טירה      ,2011,295,63,95,158,9,4,78
2720,טירה      ,2012,362,51,88,167,6,7,85
2720,טירה      ,2013,340,70,86,162,12,4,63
2100,טירת כרמל ,2011,451,21,266,190,15,5,127
2100,טירת כרמל ,2012,393,9,158,173,9,6,114
2100,טירת כרמל ,2013,336,10,196,194,12,1,117
3788,טלמון     ,2011,6,1,1,4,2,0,1
3788,טלמון     ,2012,23,0,5,5,0,0,1
3788,טלמון     ,2013,27,0,1,4,2,0,2
8900,טמרה      ,2011,357,22,107,203,3,2,30
8900,טמרה      ,2012,324,18,101,220,4,5,51
8900,טמרה      ,2013,281,16,103,191,7,10,44
498,טרעאן     ,2011,92,8,8,49,1,1,12
498,טרעאן     ,2012,79,2,9,61,0,0,16
498,טרעאן     ,2013,77,3,46,73,4,0,20
1295,יאנוח-ג'ת ,2011,32,1,4,21,0,0,10
1295,יאנוח-ג'ת ,2012,18,0,0,10,1,0,3
1295,יאנוח-ג'ת ,2013,14,0,3,10,0,0,9
46,יבנאל     ,2011,75,9,73,17,2,1,11
46,יבנאל     ,2012,78,3,9,15,5,1,11
46,יבנאל     ,2013,58,4,48,21,0,0,11
2660,יבנה      ,2011,733,91,53,157,20,6,119
2660,יבנה      ,2012,791,91,69,152,72,4,120
2660,יבנה      ,2013,667,112,80,170,18,8,132
577,יד בנימין ,2011,33,5,1,4,0,0,1
577,יד בנימין ,2012,66,9,0,3,0,0,1
577,יד בנימין ,2013,30,2,0,1,0,0,1
9400,יהוד      ,2011,471,72,71,122,14,1,88
9400,יהוד      ,2012,522,96,67,96,9,5,66
9400,יהוד      ,2013,485,87,57,103,17,5,70
499,יפיע      ,2011,97,7,29,65,1,1,15
499,יפיע      ,2012,113,10,49,72,2,0,18
499,יפיע      ,2013,95,9,74,67,3,2,13
240,יקנעם עלית,2011,288,20,68,91,11,1,40
240,יקנעם עלית,2012,273,28,33,61,15,0,31
240,יקנעם עלית,2013,302,22,59,90,10,4,43
831,ירוחם     ,2011,177,16,51,34,3,0,22
831,ירוחם     ,2012,180,13,54,36,8,3,24
831,ירוחם     ,2013,123,8,25,44,6,0,27
3000,ירושלים   ,2011,12309,2921,2210,4583,493,179,1326
3000,ירושלים   ,2012,12451,2681,2061,4491,584,182,1287
3000,ירושלים   ,2013,13505,2478,1654,4991,566,242,1488
502,ירכא      ,2011,45,1,48,46,2,1,17
502,ירכא      ,2012,72,3,38,50,1,1,14
502,ירכא      ,2013,70,2,39,53,5,0,12
3796,כ האורנים ,2011,7,0,0,3,0,0,1
3796,כ האורנים ,2012,11,0,1,3,0,0,3
3796,כ האורנים ,2013,5,0,0,4,0,0,5
504,כאבול     ,2011,62,3,43,53,0,4,10
504,כאבול     ,2012,53,1,55,48,1,2,16
504,כאבול     ,2013,62,5,18,37,3,1,13
505,כוכב      ,2011,17,2,6,11,0,0,1
505,כוכב      ,2012,14,1,6,6,0,0,0
505,כוכב      ,2013,14,0,7,11,0,1,6
1224,כוכב יאיר ,2011,135,14,2,22,1,0,7
1224,כוכב יאיר ,2012,167,10,8,15,3,1,23
1224,כוכב יאיר ,2013,147,8,21,13,2,0,14
3779,כוכב יעקב ,2011,59,5,3,17,3,0,10
3779,כוכב יעקב ,2012,53,8,2,31,8,0,22
3779,כוכב יעקב ,2013,48,5,0,24,8,0,11
1059,כסיפה     ,2011,54,3,3,25,1,0,5
1059,כסיפה     ,2012,44,4,3,37,2,1,5
1059,כסיפה     ,2013,48,4,0,55,2,0,16
1296,כסרא-סמיע ,2011,19,0,0,16,2,0,11
1296,כסרא-סמיע ,2012,16,0,8,18,1,0,8
1296,כסרא-סמיע ,2013,23,0,12,14,4,0,12
978,כעבי-טב-חג,2011,48,1,1,24,1,1,5
978,כעבי-טב-חג,2012,38,1,5,22,0,0,6
978,כעבי-טב-חג,2013,31,3,2,31,1,0,7
3638,כפר אדמים ,2011,48,6,15,4,2,1,2
3638,כפר אדמים ,2012,67,5,68,13,1,1,7
3638,כפר אדמים ,2013,46,1,84,7,4,1,9
633,כפר ברא   ,2011,37,2,7,16,1,1,9
633,כפר ברא   ,2012,36,6,7,15,1,1,5
633,כפר ברא   ,2013,40,2,8,21,0,1,14
1263,כפר ורדים ,2011,92,0,17,14,3,0,4
1263,כפר ורדים ,2012,70,2,13,5,1,0,1
1263,כפר ורדים ,2013,63,2,17,11,1,0,9
696,"כפר חב""ד  ",2011,43,1,0,12,4,0,4
696,"כפר חב""ד  ",2012,59,8,5,13,4,0,6
696,"כפר חב""ד  ",2013,39,4,1,11,4,1,2
507,כפר יאסיף ,2011,99,3,234,52,3,1,14
507,כפר יאסיף ,2012,56,5,95,61,2,2,22
507,כפר יאסיף ,2013,68,4,89,46,2,3,17
168,כפר יונה  ,2011,401,83,45,74,6,2,39
168,כפר יונה  ,2012,370,78,43,104,11,0,79
168,כפר יונה  ,2013,368,77,58,80,10,4,83
508,כפר כמא   ,2011,5,0,0,5,1,0,1
508,כפר כמא   ,2012,10,0,0,0,0,0,1
508,כפר כמא   ,2013,10,0,0,8,0,0,3
509,כפר כנא   ,2011,80,7,18,62,0,1,11
509,כפר כנא   ,2012,79,4,44,88,4,1,20
509,כפר כנא   ,2013,116,3,82,85,1,1,22
510,כפר מנדא  ,2011,88,3,85,62,3,1,19
510,כפר מנדא  ,2012,80,0,110,78,3,0,15
510,כפר מנדא  ,2013,97,5,125,75,5,3,25
512,כפר מצר   ,2011,16,4,1,4,1,0,1
512,כפר מצר   ,2012,8,1,0,6,0,0,0
512,כפר מצר   ,2013,17,1,0,4,1,0,0
6900,כפר סבא   ,2011,2168,524,111,372,62,16,234
6900,כפר סבא   ,2012,2219,567,105,366,57,20,229
6900,כפר סבא   ,2013,2187,527,97,348,67,14,225
634,כפר קאסם  ,2011,200,37,44,72,4,4,37
634,כפר קאסם  ,2012,207,53,53,84,2,7,35
634,כפר קאסם  ,2013,257,76,44,89,5,7,37
654,כפר קרע   ,2011,209,30,112,109,3,3,24
654,כפר קרע   ,2012,201,24,94,106,6,4,35
654,כפר קרע   ,2013,200,22,111,93,6,1,29
47,כפר תבור  ,2011,50,6,24,6,0,0,7
47,כפר תבור  ,2012,46,1,21,7,1,0,5
47,כפר תבור  ,2013,46,5,2,9,2,0,4
1139,כרמיאל    ,2011,660,20,191,253,32,4,102
1139,כרמיאל    ,2012,646,26,162,204,27,12,103
1139,כרמיאל    ,2013,510,19,149,214,35,12,114
1271,להבים     ,2011,99,9,3,11,0,3,1
1271,להבים     ,2012,127,15,7,13,1,1,5
1271,להבים     ,2013,183,19,5,15,1,2,9
7000,לוד       ,2011,2133,251,556,566,66,94,228
7000,לוד       ,2012,1962,263,441,572,60,66,276
7000,לוד       ,2013,2079,272,660,533,66,64,263
1310,לפיד      ,2011,20,5,2,1,2,1,1
1310,לפיד      ,2012,14,3,2,1,0,0,2
1310,לפיד      ,2013,25,0,3,7,1,0,4
1060,לקיה      ,2011,68,5,8,20,0,1,5
1060,לקיה      ,2012,53,3,14,44,0,2,10
1060,לקיה      ,2013,63,7,14,42,1,1,9
1015,מבשרת ציון,2011,355,64,44,80,13,0,58
1015,מבשרת ציון,2012,383,78,58,85,20,4,62
1015,מבשרת ציון,2013,433,89,50,118,11,4,64
516,מג'דל כרום,2011,74,3,30,61,2,1,8
516,מג'דל כרום,2012,79,3,19,90,0,0,23
516,מג'דל כרום,2013,84,4,38,76,7,8,17
4201,מג'דל שמס ,2011,34,1,16,25,1,0,4
4201,מג'דל שמס ,2012,34,1,9,47,3,0,11
4201,מג'דל שמס ,2013,35,0,19,26,2,2,10
481,מגאר      ,2011,75,4,7,76,3,1,26
481,מגאר      ,2012,105,1,2,78,4,0,30
481,מגאר      ,2013,92,0,1,69,6,0,30
874,מגדל העמק ,2011,496,34,165,200,24,7,87
874,מגדל העמק ,2012,554,24,149,177,16,13,81
874,מגדל העמק ,2013,459,27,208,168,15,3,74
1200,מודיעין   ,2011,778,103,155,197,21,5,169
1200,מודיעין   ,2012,839,123,120,197,22,4,170
1200,מודיעין   ,2013,866,106,186,244,47,4,179
3797,מודיעין-על,2011,164,8,18,70,21,0,33
3797,מודיעין-על,2012,178,13,19,70,21,1,30
3797,מודיעין-על,2013,134,11,35,83,28,0,36
28,מזכרת בתיה,2011,153,25,2,21,2,2,19
28,מזכרת בתיה,2012,116,21,9,26,1,3,20
28,מזכרת בתיה,2013,128,26,18,22,2,4,11
517,מזרעה     ,2011,30,0,1,20,0,0,5
517,מזרעה     ,2012,35,1,0,16,0,0,4
517,מזרעה     ,2013,27,3,2,15,1,1,8
1268,מיתר      ,2011,58,1,2,15,2,1,8
1268,מיתר      ,2012,62,2,1,15,2,0,12
1268,מיתר      ,2013,63,5,2,17,2,0,6
4203,מסעדה     ,2011,16,0,10,9,1,0,1
4203,מסעדה     ,2012,15,0,5,15,1,0,2
4203,מסעדה     ,2013,13,1,9,9,1,0,1
3616,מעלה אדמים,2011,482,26,91,173,30,1,119
3616,מעלה אדמים,2012,407,33,264,175,27,3,97
3616,מעלה אדמים,2013,403,31,159,194,23,2,123
1327,מעלה עירון,2011,63,4,4,20,1,0,4
1327,מעלה עירון,2012,58,3,5,49,0,0,11
1327,מעלה עירון,2013,59,2,3,33,3,2,14
1063,מעלות תרשח,2011,300,3,195,112,10,6,39
1063,מעלות תרשח,2012,278,3,114,104,8,2,57
1063,מעלות תרשח,2013,268,4,124,132,14,2,57
518,מעליא     ,2011,35,0,5,8,0,1,3
518,מעליא     ,2012,23,0,18,16,0,0,4
518,מעליא     ,2013,24,1,25,17,0,1,7
99,מצפה רמון ,2011,140,17,14,35,8,1,9
99,מצפה רמון ,2012,101,12,31,30,3,0,14
99,מצפה רמון ,2013,116,17,11,27,2,0,15
635,מקיבלה    ,2011,20,1,5,17,0,0,2
635,מקיבלה    ,2012,12,0,2,17,0,0,1
635,מקיבלה    ,2013,24,2,3,18,1,1,2
1098,מרכז שפירא,2011,48,9,0,0,1,0,0
1098,מרכז שפירא,2012,13,1,0,0,0,0,0
1098,מרכז שפירא,2013,32,3,0,3,1,0,1
520,משהד      ,2011,36,3,3,16,1,0,1
520,משהד      ,2012,28,1,5,23,1,0,10
520,משהד      ,2013,29,3,11,30,2,0,6
1315,מתן       ,2011,13,1,3,2,1,0,2
1315,מתן       ,2012,19,1,0,4,1,0,2
1315,מתן       ,2013,33,0,1,2,0,0,2
9100,נהריה     ,2011,1072,45,468,353,34,11,144
9100,נהריה     ,2012,878,37,254,355,32,25,172
9100,נהריה     ,2013,916,24,220,321,27,16,184
1333,נוף אילון ,2011,2,0,1,1,0,0,1
1333,נוף אילון ,2012,10,2,0,2,0,0,1
1333,נוף אילון ,2013,7,0,0,1,0,0,0
1284,נופית     ,2011,38,1,0,8,1,0,5
1284,נופית     ,2012,42,2,0,6,0,0,9
1284,נופית     ,2013,41,4,0,1,0,0,1
522,נחף       ,2011,35,1,27,53,2,0,14
522,נחף       ,2012,40,1,24,38,3,0,11
522,נחף       ,2013,44,0,20,50,1,2,19
7200,נס ציונה  ,2011,616,73,35,119,10,6,96
7200,נס ציונה  ,2012,574,85,40,121,13,10,118
7200,נס ציונה  ,2013,606,97,49,126,20,12,105
7300,נצרת      ,2011,929,81,249,409,20,30,110
7300,נצרת      ,2012,956,75,346,509,14,26,99
7300,נצרת      ,2013,944,100,420,456,20,22,146
1061,נצרת עלית ,2011,882,83,392,339,46,23,97
1061,נצרת עלית ,2012,823,58,390,384,53,31,135
1061,נצרת עלית ,2013,947,68,459,353,46,22,165
2500,נשר       ,2011,583,64,118,115,10,4,96
2500,נשר       ,2012,587,52,80,115,11,8,60
2500,נשר       ,2013,450,66,55,92,8,6,65
246,נתיבות    ,2011,405,25,106,195,12,7,67
246,נתיבות    ,2012,466,14,149,216,20,2,70
246,נתיבות    ,2013,455,19,179,247,19,4,104
7400,נתניה     ,2011,6269,1102,274,1269,116,144,721
7400,נתניה     ,2012,5845,963,341,1365,115,155,927
7400,נתניה     ,2013,5968,968,504,1302,129,175,942
525,סאג'ור    ,2011,37,0,4,12,1,2,2
525,סאג'ור    ,2012,29,0,6,6,1,0,5
525,סאג'ור    ,2013,35,1,6,9,0,1,1
587,סביון     ,2011,150,9,3,5,2,0,3
587,סביון     ,2012,141,4,2,9,1,0,6
587,סביון     ,2013,156,31,11,5,3,0,7
526,סולם      ,2011,8,0,3,14,0,0,9
526,סולם      ,2012,8,1,1,12,1,0,3
526,סולם      ,2013,14,0,0,19,0,0,12
7500,סח'נין    ,2011,193,4,115,92,5,4,23
7500,סח'נין    ,2012,171,6,77,156,3,2,42
7500,סח'נין    ,2013,179,4,65,168,9,1,61
1245,סלמה      ,2011,31,0,0,32,1,0,11
1245,סלמה      ,2012,35,0,2,20,1,0,4
1245,סלמה      ,2013,27,1,2,26,0,0,9
4501,עג'ר      ,2011,0,0,1,0,0,0,0
4501,עג'ר      ,2012,4,0,4,2,1,0,0
4501,עג'ר      ,2013,0,0,0,1,0,0,0
528,עזיר      ,2011,7,1,0,7,0,0,0
528,עזיר      ,2012,14,1,0,13,0,0,2
528,עזיר      ,2013,9,0,1,1,0,0,0
530,עילבון    ,2011,30,1,5,38,1,0,10
530,עילבון    ,2012,40,2,1,30,1,2,8
530,עילבון    ,2013,27,2,2,25,1,0,10
511,עילוט     ,2011,52,1,15,42,2,0,3
511,עילוט     ,2012,31,1,17,30,2,0,7
511,עילוט     ,2013,33,1,7,36,1,0,7
532,עין מאהל  ,2011,39,12,2,16,0,1,4
532,עין מאהל  ,2012,35,3,6,27,5,1,3
532,עין מאהל  ,2013,42,1,3,27,5,0,6
521,עין נקובא ,2011,17,5,5,10,0,0,4
521,עין נקובא ,2012,8,2,1,13,1,0,6
521,עין נקובא ,2013,15,0,3,7,1,0,7
7600,עכו       ,2011,1168,53,667,401,34,35,194
7600,עכו       ,2012,1142,33,521,443,30,26,202
7600,עכו       ,2013,1091,18,569,401,33,38,209
3765,עלי       ,2011,16,1,3,7,5,0,3
3765,עלי       ,2012,52,9,8,5,3,0,2
3765,עלי       ,2013,23,3,0,9,1,0,8
3660,עמנואל    ,2011,49,2,13,13,4,0,2
3660,עמנואל    ,2012,38,4,17,23,7,1,7
3660,עמנואל    ,2013,47,4,33,21,2,1,10
666,עמר       ,2011,157,21,8,16,2,1,9
666,עמר       ,2012,160,22,16,23,1,1,10
666,עמר       ,2013,167,17,7,27,3,2,9
7700,עפולה     ,2011,1245,108,193,329,44,11,141
7700,עפולה     ,2012,1231,98,208,353,45,17,162
7700,עפולה     ,2013,1179,51,295,407,56,20,175
3617,עפרה      ,2011,12,1,4,3,0,0,1
3617,עפרה      ,2012,12,5,4,5,0,0,4
3617,עפרה      ,2013,15,0,10,4,0,1,0
531,עראבה     ,2011,161,10,25,133,3,4,47
531,עראבה     ,2012,145,7,48,129,10,4,33
531,עראבה     ,2013,152,13,40,129,2,0,42
2560,ערד       ,2011,530,29,106,207,20,4,79
2560,ערד       ,2012,449,37,85,162,27,7,73
2560,ערד       ,2013,513,46,82,245,24,7,109
637,ערערה     ,2011,134,9,31,91,5,4,30
637,ערערה     ,2012,162,18,59,89,4,6,25
637,ערערה     ,2013,175,24,28,89,1,1,37
1192,ערערה-בנגב,2011,42,1,3,40,3,0,5
1192,ערערה-בנגב,2012,67,1,1,47,0,0,12
1192,ערערה-בנגב,2013,80,4,2,69,5,0,16
53,עתלית     ,2011,141,10,104,43,2,2,10
53,עתלית     ,2012,138,11,63,24,3,0,23
53,עתלית     ,2013,85,5,60,32,2,1,19
535,פסוטה     ,2011,14,0,4,7,1,0,2
535,פסוטה     ,2012,13,0,3,10,0,0,3
535,פסוטה     ,2013,15,0,3,10,1,0,6
536,פקיעין    ,2011,42,0,7,15,0,0,2
536,פקיעין    ,2012,38,0,7,10,1,1,7
536,פקיעין    ,2013,30,2,4,11,2,0,2
537,פרדיס     ,2011,91,9,82,54,1,1,18
537,פרדיס     ,2012,126,8,52,54,4,1,16
537,פרדיס     ,2013,125,4,36,58,3,2,20
7800,פרדס חנה  ,2011,637,74,128,187,24,10,96
7800,פרדס חנה  ,2012,747,87,126,162,23,6,92
7800,פרדס חנה  ,2013,614,100,91,171,19,5,111
171,פרדסיה    ,2011,96,21,5,18,3,0,16
171,פרדסיה    ,2012,98,17,9,15,3,1,19
171,פרדסיה    ,2013,86,9,9,17,5,1,13
7900,פתח תקוה  ,2011,4957,918,504,1013,110,34,646
7900,פתח תקוה  ,2012,5007,1035,399,1116,116,63,727
7900,פתח תקוה  ,2013,5289,1126,475,1007,123,65,763
1113,צור הדסה  ,2011,104,28,5,12,0,0,7
1113,צור הדסה  ,2012,93,30,1,13,3,0,12
1113,צור הדסה  ,2013,68,14,6,17,4,2,12
276,צור משה   ,2011,35,8,2,4,1,0,3
276,צור משה   ,2012,71,15,5,8,1,0,10
276,צור משה   ,2013,52,7,3,7,2,0,6
8000,צפת       ,2011,543,20,221,233,28,0,118
8000,צפת       ,2012,532,13,173,290,43,2,157
8000,צפת       ,2013,527,9,141,254,38,4,140
3557,קדומים    ,2011,25,5,4,9,0,0,2
3557,קדומים    ,2012,25,2,5,8,2,2,3
3557,קדומים    ,2013,17,1,6,9,3,1,5
195,קדימה צורן,2011,490,89,14,52,5,0,53
195,קדימה צורן,2012,349,57,14,46,7,4,37
195,קדימה צורן,2013,293,40,39,63,12,2,44
1167,קיסריה    ,2011,229,15,40,23,3,1,20
1167,קיסריה    ,2012,338,15,49,27,3,2,12
1167,קיסריה    ,2013,255,18,38,29,4,1,15
638,קלנסוה    ,2011,157,29,68,95,8,4,41
638,קלנסוה    ,2012,192,43,59,111,3,6,52
638,קלנסוה    ,2013,202,50,34,111,3,2,53
4100,קצרין     ,2011,117,1,51,41,3,1,25
4100,קצרין     ,2012,109,2,37,48,5,0,20
4100,קצרין     ,2013,92,3,30,42,4,0,21
9500,קר ביאליק ,2011,1248,112,172,258,33,25,149
9500,קר ביאליק ,2012,1180,74,128,220,31,24,147
9500,קר ביאליק ,2013,997,40,129,277,22,20,197
8200,קר מוצקין ,2011,884,56,180,211,27,18,164
8200,קר מוצקין ,2012,809,63,117,192,34,19,159
8200,קר מוצקין ,2013,657,24,144,185,22,15,147
2620,קרית אונו ,2011,479,107,42,75,12,3,63
2620,קרית אונו ,2012,519,116,44,112,8,5,71
2620,קרית אונו ,2013,573,78,49,92,13,3,73
3611,קרית ארבע ,2011,89,4,21,50,7,1,27
3611,קרית ארבע ,2012,62,5,22,34,7,0,20
3611,קרית ארבע ,2013,58,4,26,28,7,0,15
6800,קרית אתא  ,2011,1432,134,337,331,39,27,214
6800,קרית אתא  ,2012,1278,89,260,304,26,23,202
6800,קרית אתא  ,2013,1094,50,302,356,33,16,211
2630,קרית גת   ,2011,978,120,143,319,45,14,182
2630,קרית גת   ,2012,993,121,134,336,40,14,180
2630,קרית גת   ,2013,807,90,146,365,51,15,229
2300,קרית טבעון,2011,424,55,30,64,16,5,34
2300,קרית טבעון,2012,302,45,33,52,12,4,27
2300,קרית טבעון,2013,331,22,23,50,7,6,23
9600,קרית ים   ,2011,889,62,231,231,27,19,157
9600,קרית ים   ,2012,826,61,269,261,21,23,171
9600,קרית ים   ,2013,766,30,314,254,22,23,183
1137,קרית יערים,2011,20,0,6,10,3,0,2
1137,קרית יערים,2012,14,0,2,6,1,0,4
1137,קרית יערים,2013,12,1,5,4,1,0,3
1034,קרית מלאכי,2011,518,65,33,180,20,11,100
1034,קרית מלאכי,2012,473,65,60,194,30,5,126
1034,קרית מלאכי,2013,518,60,56,210,28,11,110
469,קרית עקרון,2011,358,65,14,49,6,5,32
469,קרית עקרון,2012,331,57,28,63,9,3,34
469,קרית עקרון,2013,324,50,31,50,8,5,34
2800,קרית שמונה,2011,353,7,112,116,16,3,60
2800,קרית שמונה,2012,341,6,140,147,19,2,89
2800,קרית שמונה,2013,364,11,97,148,23,0,80
3640,קרנישומרון,2011,93,15,5,18,4,1,9
3640,קרנישומרון,2012,92,15,7,25,6,0,19
3640,קרנישומרון,2013,74,9,14,32,2,1,17
543,ראמה      ,2011,53,6,24,33,2,1,6
543,ראמה      ,2012,59,1,17,28,1,4,4
543,ראמה      ,2013,48,3,42,36,1,1,11
2640,ראש העין  ,2011,549,65,77,178,29,3,122
2640,ראש העין  ,2012,636,99,82,190,26,5,110
2640,ראש העין  ,2013,802,130,63,189,17,8,108
26,ראש פנה   ,2011,114,11,45,26,9,0,5
26,ראש פנה   ,2012,82,2,25,12,2,0,8
26,ראש פנה   ,2013,74,1,31,21,2,0,3
8300,"ראשל""צ    ",2011,5732,921,452,1112,115,72,688
8300,"ראשל""צ    ",2012,4938,741,548,1042,132,73,734
8300,"ראשל""צ    ",2013,4980,682,512,1068,127,73,732
1161,רהט       ,2011,376,25,72,209,8,6,31
1161,רהט       ,2012,348,17,47,291,16,6,53
1161,רהט       ,2013,356,12,83,324,10,11,63
8400,רחובות    ,2011,2502,285,318,457,51,41,299
8400,רחובות    ,2012,2234,282,347,442,84,36,242
8400,רחובות    ,2013,2128,279,405,502,79,31,336
542,רינה      ,2011,83,4,6,64,0,2,12
542,רינה      ,2012,68,5,12,59,4,1,14
542,רינה      ,2013,67,6,19,70,4,0,28
922,רכסים     ,2011,104,7,7,35,7,2,30
922,רכסים     ,2012,105,7,19,38,5,1,17
922,רכסים     ,2013,77,2,13,34,9,0,16
8500,רמלה      ,2011,2154,251,509,595,58,51,307
8500,רמלה      ,2012,2317,346,404,541,52,101,257
8500,רמלה      ,2013,1874,290,369,671,64,54,328
8600,רמת גן    ,2011,3327,466,392,558,85,32,334
8600,רמת גן    ,2012,3266,508,334,603,66,37,385
8600,רמת גן    ,2013,3256,447,409,549,85,38,313
2650,רמת השרון ,2011,808,104,61,116,18,3,58
2650,רמת השרון ,2012,920,116,154,121,16,3,82
2650,רמת השרון ,2013,769,43,153,104,13,5,72
122,רמת ישי   ,2011,184,17,9,33,8,3,19
122,רמת ישי   ,2012,162,17,10,30,3,2,21
122,רמת ישי   ,2013,103,10,15,23,2,2,17
8700,רעננה     ,2011,1354,190,66,245,25,7,153
8700,רעננה     ,2012,1620,196,74,206,21,6,132
8700,רעננה     ,2013,1315,140,69,212,31,6,107
913,שבלי-א גנם,2011,48,2,4,45,1,0,4
913,שבלי-א גנם,2012,55,3,8,62,0,6,14
913,שבלי-א גנם,2013,49,3,14,37,3,0,17
1286,שגב-שלום  ,2011,76,1,34,29,1,2,17
1286,שגב-שלום  ,2012,70,4,21,44,2,1,10
1286,שגב-שלום  ,2013,89,10,29,64,4,3,22
1031,שדרות     ,2011,459,39,135,198,18,2,124
1031,שדרות     ,2012,411,23,156,175,15,7,101
1031,שדרות     ,2013,373,30,166,177,25,7,118
1304,שוהם      ,2011,279,89,5,24,2,1,24
1304,שוהם      ,2012,246,40,9,27,5,1,25
1304,שוהם      ,2013,204,14,38,29,4,2,18
658,שיח  דנון ,2011,22,0,3,12,1,0,3
658,שיח  דנון ,2012,28,0,1,17,1,1,4
658,שיח  דנון ,2013,25,0,7,12,0,0,4
3641,שילה      ,2011,21,8,10,11,3,0,1
3641,שילה      ,2012,16,4,5,4,0,0,2
3641,שילה      ,2013,23,1,6,6,0,0,0
1337,שימשית    ,2011,27,3,2,1,0,0,0
1337,שימשית    ,2012,37,1,0,2,0,0,3
1337,שימשית    ,2013,10,0,3,3,0,0,1
812,שלומי     ,2011,92,3,38,42,3,0,26
812,שלומי     ,2012,63,3,3,35,3,1,30
812,שלומי     ,2013,62,0,16,33,2,0,27
538,שעב       ,2011,40,3,34,22,3,0,5
538,שעב       ,2012,58,0,32,42,1,0,15
538,שעב       ,2013,58,0,23,36,3,1,16
3720,שערי תקוה ,2011,27,2,3,5,1,0,4
3720,שערי תקוה ,2012,54,3,3,14,2,0,9
3720,שערי תקוה ,2013,49,8,16,13,1,0,5
8800,שפרעם     ,2011,434,60,128,228,6,4,54
8800,שפרעם     ,2012,412,46,98,213,13,6,74
8800,שפרעם     ,2013,381,18,107,210,17,5,62
5000,"ת""א -יפו  ",2011,21388,2436,3268,3418,392,588,1517
5000,"ת""א -יפו  ",2012,21870,2548,2578,3510,435,882,1490
5000,"ת""א -יפו  ",2013,20746,2039,2830,3580,411,807,1540
154,תל מונד   ,2011,289,43,76,75,6,3,34
154,תל מונד   ,2012,160,18,146,54,7,0,32
154,תל מונד   ,2013,203,17,138,81,15,0,29
1054,תל שבע    ,2011,149,13,34,78,4,1,14
1054,תל שבע    ,2012,124,4,52,97,2,1,22
1054,תל שבע    ,2013,175,4,67,113,6,4,34
709,תפרח      ,2011,30,2,0,1,1,0,0
709,תפרח      ,2012,24,6,1,4,2,0,1
709,תפרח      ,2013,15,0,6,3,0,0,0